,Artists Name,Artist ID,Track Name,Track ID,Release Date,Popularity,Danceability,Energy
0,Various Artists,0LyfQWJT6nXafLPZqxe9Of,Pauwi Nako,2tzAN1L07SNwnOdgOEeuQr,2018-07-28,81,0.657,0.746
1,This Band,5HIZU0JzM0AgfItVOm4E08,Kahit Ayaw Mo Na,5V2AX2WTOHl2FKtftvisV6,2018-02-02,81,0.662,0.529
2,Various Artists,0LyfQWJT6nXafLPZqxe9Of,Sunflower - Spider-Man: Into the Spider-Verse,3KkXRkHbMCARz0aVfEt68P,2018-12-14,98,0.76,0.479
3,juan karlos,0a4r2EnsevvHCukoJ1xFwJ,Buwan,5f9808hpiCpuNyqqdXmpF2,2018-06-22,80,0.631,0.381
4,I Belong to the Zoo,7tKpXx21KVUOR6vvDs6xtg,Sana,1X4l4i472kW5ofFP8Xo0x0,2018-04-25,80,0.66,0.373
5,December Avenue,4qFxP3qN9GsnZDOkAE6x2m,Kung 'Di Rin Lang Ikaw,2BgD4nRyx9EZ5o8YEnjRSV,2018-07-22,79,0.502,0.482
6,This Band,5HIZU0JzM0AgfItVOm4E08,Hindi Na Nga,50hVyhZM4nvizfrQe38F3l,2018-09-14,77,0.396,0.413
7,Russ,1z7b1Pr1rSlvWRzsW3HOrS,Missin You Crazy,4ve2uzqdwnHr20G5YgMMqr,2018-09-07,83,0.716,0.729
8,Ben&Ben,4DAcJXcjX0zlQAZAPAx4Zb,Maybe The Night,1yDiru08Q6omDOGkZMPnei,2017-10-27,77,0.572,0.522
9,ALLMO$T,0WleeEe3UurwlNbDGhb5Yz,Dalaga,3sm9FJhwOjsdzrfRgIf1ZK,2018-07-23,21,0.94,0.499
10,December Avenue,4qFxP3qN9GsnZDOkAE6x2m,Bulong,5nMKJJ5Rl6X1yn58aVeICO,2018-04-08,77,0.5,0.728
11,Lauv,5JZ7CnR6gTvEMKX4g70Amv,i'm so tired...,7COXchtUOMd6uIT6HvmRaI,2019-01-24,95,0.599,0.733
12,December Avenue,4qFxP3qN9GsnZDOkAE6x2m,Sa Ngalan Ng Pag-Ibig,00mBzIWv5gHOYxwuEJXjOG,2017-04-29,78,0.518,0.761
13,I Belong to the Zoo,7tKpXx21KVUOR6vvDs6xtg,Balang Araw,5NXdUJ3Z2jhlp2u1cj6f7m,2018-10-23,76,0.523,0.391
14,H.E.R.,3Y7RZ31TRPVadSFVy1o8os,Best Part (feat. Daniel Caesar),4OBZT9EnhYIV17t4pGw7ig,2017-10-20,84,0.473,0.371
15,BLACKPINK,41MozSoPIsD1dJM0CLPjZF,Kill This Love,3VHrwffnUZFb7FidvPV3OA,2019-04-04,0,0.738,0.861
16,Lukas Graham,25u4wHJWxCA9vO0CzxAbK7,Love Someone,3id2EVGKc3eFAMn9nFnB0r,2018-10-26,78,0.538,0.409
17,LANY,49tQo2QULno7gxHutgccqF,Malibu Nights,0Eqg0CQ7bK3RQIMPw1A7pl,2018-10-05,79,0.559,0.422
18,Khalid,6LuN9FCkKOj5PcnpouEgny,Talk,0rTV5WefWd1J3OwIheTzxM,2019-02-07,95,0.9,0.4
19,Ariana Grande,66CXWjxzNUsdJxJ2JdwvnR,"thank u, next",3e9HZxeyfWwjeyPAMmWSSQ,2019-02-08,94,0.717,0.653
20,Sam Smith,2wY79sveU1sp5g7SokKOiI,Dancing With A Stranger (with Normani),6Qs4SXO9dwPj5GKvVOv8Ki,2019-01-11,97,0.741,0.52
21,Jonas Brothers,7gOdHgIoIKoe4i9Tta6qdD,Sucker,4y3OI86AEP6PQoDE6olYhO,2019-03-01,98,0.842,0.734
22,Ariana Grande,66CXWjxzNUsdJxJ2JdwvnR,7 rings,6ocbgoVGwYJhOv1GgI9NsF,2019-02-08,94,0.778,0.317
23,Ben&Ben,4DAcJXcjX0zlQAZAPAx4Zb,Kathang Isip,3WUEs51GpcvlgU7lehLgLh,2017-06-23,76,0.491,0.314
24,December Avenue,4qFxP3qN9GsnZDOkAE6x2m,Kahit Di Mo Alam,6GIzDc4xBUeYHwubWwTrhC,2017-09-17,75,0.45,0.648
25,JM De Guzman,2uhjpR62cyl0U8HD38yFQ8,"214 - From ""Alone/Together""",0Fh6hgq979963fIxr2VBF2,2019-02-08,74,0.351,0.35
26,Billie Eilish,6qqNVTkY8uBg9cP3Jd7DAH,bad guy,2Fxmhks0bxGSBdJ92vM42m,2019-03-29,94,0.708,0.418
27,Moira Dela Torre,0rZRTXEmmPmx6gt92tBqIc,Ikaw At Ako,0gDRtumoR9ZrvAlnniToMz,2019-01-14,74,0.445,0.355
28,Anne-Marie,1zNqDE7qDGCsyzJwohVaoX,2002,2BgEsaKNfHUdlh97KmvFyo,2018-04-27,86,0.697,0.683
29,Halsey,26VFTg2z8YR0cCuwLzESi2,Without Me,5p7ujcrUXASCNwRaWNHR1C,2018-10-04,96,0.752,0.488
30,Jeremy Zucker,3gIRvgZssIb9aiirIg0nI3,comethru,18uwL0vNUanqZH0ro2QcOP,2018-09-28,84,0.794,0.188
31,Marshmello,64KEffDW9EtZ1y2vBYgq8T,Happier,2dpaYNEQHiRxtZbfNsse99,2018-08-17,96,0.687,0.792
32,This Band,5HIZU0JzM0AgfItVOm4E08,'Di Na Babalik,5S4T2Pdr8qhetF3UhkwuMj,2019-02-03,72,0.358,0.435
33,Bazzi,4GvEc3ANtPPjt1ZJllr5Zl,Beautiful (feat. Camila Cabello),4VUwkH455At9kENOfzTqmF,2018-08-02,88,0.638,0.717
34,Chris Brown,7bXgB6jMjp9ATFy66eO08Z,Undecided,7uiBocndm12aKbsdnQ3Scx,2019-01-04,85,0.441,0.527
35,Cardi B,4kYSro6naA4h99UJvo89HB,Please Me,0PG9fbaaHFHfre2gUVo7AN,2019-02-15,93,0.747,0.57
36,Ariana Grande,66CXWjxzNUsdJxJ2JdwvnR,"break up with your girlfriend, i'm bored",4kV4N9D1iKVxx1KLvtTpjS,2019-02-08,98,0.726,0.554
37,Maroon 5,04gDigrS5kc9YWfZHwBETP,Girls Like You (feat. Cardi B),7fa9MBXhVfQ8P8Df9OEbD8,2018-06-15,83,0.851,0.541
38,Marshmello,64KEffDW9EtZ1y2vBYgq8T,Here With Me,5icOoE6VgqFKohjWWNp0Ac,2019-03-08,92,0.791,0.565
39,The Chainsmokers,69GGBxA162lTqCwzJG5jLp,Who Do You Love (with 5 Seconds of Summer),11cDEev79fPKi6uJCjUhu8,2019-02-07,92,0.51,0.835
40,Ava Max,4npEfmQ6YuiwW1GpUmaq3F,Sweet but Psycho,25sgk305KZfyuqVBQIahim,2018-08-17,96,0.719,0.704
41,LANY,49tQo2QULno7gxHutgccqF,Thick And Thin,3D110t9ctcoOoylXsc3iR8,2018-10-05,77,0.697,0.551
42,Armi Millare,7bT6URJrhJleZUfkrysELD,"Kapit - From ""Alone / Together""",02GtNoUv85fOPEaCTlpYzr,2019-02-13,71,0.586,0.323
43,Khel Pangilinan,30DIeQNV9s1HEXyuCpGF4l,Weak,06cUybZMETs4i3yQO1f7p3,2018-08-28,72,0.71,0.373
44,Lauv,5JZ7CnR6gTvEMKX4g70Amv,I Like Me Better,2P91MQbaiQOfbiz9VqhqKQ,2018-05-31,76,0.752,0.505
45,IV Of Spades,4k9wp4ipHdA1bu1T4x1ZTG,Mundo,4u8RkgV6P4TLi89SmlUtv8,2018-02-14,72,0.705,0.401
46,Moira Dela Torre,0rZRTXEmmPmx6gt92tBqIc,Tagpuan,0ztDBQdQmdVZvorSmIjMih,2018-02-19,72,0.566,0.121
47,Ellie Goulding,0X2BH1fck6amBIoJhDVmmJ,Close To Me (with Diplo) (feat. Swae Lee),5JEx7HbmvHQQswJCsoo9rA,2018-10-24,91,0.574,0.758
48,Khalid,6LuN9FCkKOj5PcnpouEgny,My Bad,1DUSuNhF8P5vUGNPpQiZa5,2019-03-07,91,0.645,0.568
49,Janine Teñoso,09Xydf4dlkr29dH99DmsvQ,'Di Na Muli,3VQb0rq27GPX92X53Ni1Lc,2018-04-06,73,0.413,0.561
