,Artists Name,Artist ID,Track Name,Track ID,Release Date,Popularity,Danceability,Energy
0,BLACKPINK,41MozSoPIsD1dJM0CLPjZF,Kill This Love,3VHrwffnUZFb7FidvPV3OA,2019-04-04,76,0.738,0.861
1,Various Artists,0LyfQWJT6nXafLPZqxe9Of,Pauwi Nako,2tzAN1L07SNwnOdgOEeuQr,2018-07-28,81,0.657,0.746
2,This Band,5HIZU0JzM0AgfItVOm4E08,Kahit Ayaw Mo Na,5V2AX2WTOHl2FKtftvisV6,2018-02-02,81,0.662,0.529
3,ALLMO$T,0WleeEe3UurwlNbDGhb5Yz,Dalaga,3sm9FJhwOjsdzrfRgIf1ZK,2018-07-23,53,0.94,0.499
4,Various Artists,0LyfQWJT6nXafLPZqxe9Of,Sunflower - Spider-Man: Into the Spider-Verse,3KkXRkHbMCARz0aVfEt68P,2018-12-14,98,0.76,0.479
5,juan karlos,0a4r2EnsevvHCukoJ1xFwJ,Buwan,5f9808hpiCpuNyqqdXmpF2,2018-06-22,80,0.631,0.381
6,I Belong to the Zoo,7tKpXx21KVUOR6vvDs6xtg,Sana,1X4l4i472kW5ofFP8Xo0x0,2018-04-25,80,0.66,0.373
7,December Avenue,4qFxP3qN9GsnZDOkAE6x2m,Kung 'Di Rin Lang Ikaw,2BgD4nRyx9EZ5o8YEnjRSV,2018-07-22,79,0.502,0.482
8,This Band,5HIZU0JzM0AgfItVOm4E08,Hindi Na Nga,50hVyhZM4nvizfrQe38F3l,2018-09-14,77,0.396,0.413
9,December Avenue,4qFxP3qN9GsnZDOkAE6x2m,Bulong,5nMKJJ5Rl6X1yn58aVeICO,2018-04-08,77,0.5,0.728
10,Russ,1z7b1Pr1rSlvWRzsW3HOrS,Missin You Crazy,4ve2uzqdwnHr20G5YgMMqr,2018-09-07,83,0.716,0.729
11,Ben&Ben,4DAcJXcjX0zlQAZAPAx4Zb,Maybe The Night,1yDiru08Q6omDOGkZMPnei,2017-10-27,77,0.572,0.522
12,Lauv,5JZ7CnR6gTvEMKX4g70Amv,i'm so tired...,7COXchtUOMd6uIT6HvmRaI,2019-01-24,95,0.599,0.733
13,I Belong to the Zoo,7tKpXx21KVUOR6vvDs6xtg,Balang Araw,5NXdUJ3Z2jhlp2u1cj6f7m,2018-10-23,76,0.523,0.391
14,December Avenue,4qFxP3qN9GsnZDOkAE6x2m,Sa Ngalan Ng Pag-Ibig,00mBzIWv5gHOYxwuEJXjOG,2017-04-29,78,0.518,0.761
15,H.E.R.,3Y7RZ31TRPVadSFVy1o8os,Best Part (feat. Daniel Caesar),4OBZT9EnhYIV17t4pGw7ig,2017-10-20,84,0.473,0.371
16,BLACKPINK,41MozSoPIsD1dJM0CLPjZF,Don't Know What To Do,1TaQciB8qqRZ9fxWGhS65X,2019-04-04,48,0.63,0.648
17,Khalid,6LuN9FCkKOj5PcnpouEgny,Talk,6TqXcAFInzjp0bODyvrWEq,2019-04-05,69,0.901,0.4
18,LANY,49tQo2QULno7gxHutgccqF,Malibu Nights,0Eqg0CQ7bK3RQIMPw1A7pl,2018-10-05,79,0.559,0.422
19,Lukas Graham,25u4wHJWxCA9vO0CzxAbK7,Love Someone,3id2EVGKc3eFAMn9nFnB0r,2018-10-26,77,0.538,0.409
20,Ariana Grande,66CXWjxzNUsdJxJ2JdwvnR,"thank u, next",3e9HZxeyfWwjeyPAMmWSSQ,2019-02-08,94,0.717,0.653
21,Ben&Ben,4DAcJXcjX0zlQAZAPAx4Zb,Kathang Isip,3WUEs51GpcvlgU7lehLgLh,2017-06-23,76,0.491,0.314
22,Jonas Brothers,7gOdHgIoIKoe4i9Tta6qdD,Sucker,4y3OI86AEP6PQoDE6olYhO,2019-03-01,98,0.842,0.734
23,December Avenue,4qFxP3qN9GsnZDOkAE6x2m,Kahit Di Mo Alam,6GIzDc4xBUeYHwubWwTrhC,2017-09-17,75,0.45,0.648
24,Sam Smith,2wY79sveU1sp5g7SokKOiI,Dancing With A Stranger (with Normani),6Qs4SXO9dwPj5GKvVOv8Ki,2019-01-11,97,0.741,0.52
25,JM De Guzman,2uhjpR62cyl0U8HD38yFQ8,"214 - From ""Alone/Together""",0Fh6hgq979963fIxr2VBF2,2019-02-08,74,0.351,0.35
26,Ariana Grande,66CXWjxzNUsdJxJ2JdwvnR,7 rings,6ocbgoVGwYJhOv1GgI9NsF,2019-02-08,94,0.778,0.317
27,BLACKPINK,41MozSoPIsD1dJM0CLPjZF,Kick It,5R0cvR5BMFkLomChhmcCzr,2019-04-04,47,0.768,0.777
28,Moira Dela Torre,0rZRTXEmmPmx6gt92tBqIc,Ikaw At Ako,0gDRtumoR9ZrvAlnniToMz,2019-01-14,74,0.445,0.355
29,This Band,5HIZU0JzM0AgfItVOm4E08,'Di Na Babalik,5S4T2Pdr8qhetF3UhkwuMj,2019-02-03,72,0.358,0.435
30,Billie Eilish,6qqNVTkY8uBg9cP3Jd7DAH,bad guy,2Fxmhks0bxGSBdJ92vM42m,2019-03-29,95,0.708,0.418
31,Cardi B,4kYSro6naA4h99UJvo89HB,Please Me,0PG9fbaaHFHfre2gUVo7AN,2019-02-15,93,0.747,0.57
32,Marshmello,64KEffDW9EtZ1y2vBYgq8T,Happier,2dpaYNEQHiRxtZbfNsse99,2018-08-17,96,0.687,0.792
33,Jeremy Zucker,3gIRvgZssIb9aiirIg0nI3,comethru,18uwL0vNUanqZH0ro2QcOP,2018-09-28,84,0.794,0.188
34,Halsey,26VFTg2z8YR0cCuwLzESi2,Without Me,5p7ujcrUXASCNwRaWNHR1C,2018-10-04,96,0.752,0.488
35,BLACKPINK,41MozSoPIsD1dJM0CLPjZF,Hope Not,32107DdzIGbVs9Pi54MuRS,2019-04-04,46,0.422,0.422
36,Chris Brown,7bXgB6jMjp9ATFy66eO08Z,Undecided,7uiBocndm12aKbsdnQ3Scx,2019-01-04,84,0.441,0.527
37,Bazzi,4GvEc3ANtPPjt1ZJllr5Zl,Beautiful (feat. Camila Cabello),4VUwkH455At9kENOfzTqmF,2018-08-02,88,0.638,0.717
38,Marshmello,64KEffDW9EtZ1y2vBYgq8T,Here With Me,5icOoE6VgqFKohjWWNp0Ac,2019-03-08,93,0.791,0.565
39,ALLMO$T,0WleeEe3UurwlNbDGhb5Yz,Bagay Tayo,3u9tIlAnygQGNJ5VuSvTfi,2018-12-04,64,0.804,0.557
40,The Chainsmokers,69GGBxA162lTqCwzJG5jLp,Who Do You Love (with 5 Seconds of Summer),11cDEev79fPKi6uJCjUhu8,2019-02-07,92,0.51,0.835
41,Ariana Grande,66CXWjxzNUsdJxJ2JdwvnR,"break up with your girlfriend, i'm bored",4kV4N9D1iKVxx1KLvtTpjS,2019-02-08,98,0.726,0.554
42,Ava Max,4npEfmQ6YuiwW1GpUmaq3F,Sweet but Psycho,25sgk305KZfyuqVBQIahim,2018-08-17,96,0.719,0.704
43,Anne-Marie,1zNqDE7qDGCsyzJwohVaoX,2002,2BgEsaKNfHUdlh97KmvFyo,2018-04-27,86,0.697,0.683
44,BLACKPINK,41MozSoPIsD1dJM0CLPjZF,DDU-DU DDU-DU - Remix,7tXQdx76iQVFeaBGDzXpZ2,2019-04-04,44,0.689,0.903
45,Armi Millare,7bT6URJrhJleZUfkrysELD,"Kapit - From ""Alone / Together""",02GtNoUv85fOPEaCTlpYzr,2019-02-13,71,0.586,0.323
46,Moira Dela Torre,0rZRTXEmmPmx6gt92tBqIc,Tagpuan,0ztDBQdQmdVZvorSmIjMih,2018-02-19,72,0.566,0.121
47,Lauv,5JZ7CnR6gTvEMKX4g70Amv,I Like Me Better,2P91MQbaiQOfbiz9VqhqKQ,2018-05-31,76,0.752,0.505
48,LANY,49tQo2QULno7gxHutgccqF,Thick And Thin,3D110t9ctcoOoylXsc3iR8,2018-10-05,77,0.697,0.551
49,IV Of Spades,4k9wp4ipHdA1bu1T4x1ZTG,Mundo,4u8RkgV6P4TLi89SmlUtv8,2018-02-14,72,0.705,0.401
